{
  "n_observations_before": 103,
  "n_matched": 64,
  "matching_caliper": 0.1,
  "propensity_score_plot": "propensity_score_distribution.png",
  "smd_comparison_plot": "propensity_score_smd_comparison.png",
  "baseline_ols": {
    "intercept": 8.725581395348835,
    "ai_adoption_coefficient": 3.817751937984493
  },
  "matched_ols": {
    "intercept": 9.012499999999998,
    "ai_adoption_coefficient": 2.9906249999999983
  },
  "smd_before": {
    "founded": -0.08243441588003281,
    "team_size": 0.3823891064107593,
    "annual_rev": 0.35453550982703075,
    "rd_spend": 0.2588343650149026,
    "digital_sales": 0.4039197189822891,
    "customer_accts": 0.4148759592949162,
    "segment_InsurTech": -0.24506611797553213,
    "segment_Lending": -0.23516638555370972,
    "segment_Payments": 0.5781112505895272,
    "segment_RegTech": -0.10894844406395952,
    "segment_Treasury Tech": 0.25599386038928984,
    "segment_WealthTech": -0.1847343398518194,
    "cloud_stack_Cloud native": 0.21829414380644677,
    "cloud_stack_Cloud-Forward": 0.1336758761463794,
    "cloud_stack_Cloud-Native": 0.15999773519429827,
    "cloud_stack_Hybrid": -0.0825255855917967,
    "cloud_stack_Hybrid Stack": -0.48280049264882907,
    "cloud_stack_Legacy": 0.18257418583505536,
    "cloud_stack_Legacy Core": 0.06021170189579536,
    "compliance_tier_Tier 2": 0.01780796110887422,
    "compliance_tier_Tier 3": 0.024396390477818476,
    "compliance_tier_Tier 4": -0.03486382321158387,
    "fraud_exposure_High": 0.3933202521102407,
    "fraud_exposure_Low": -0.10894844406395952,
    "fraud_exposure_Moderate": -0.17676508973695698,
    "funding_stage_Series A": -0.26048599945204337,
    "funding_stage_Series B": -0.18192993943731603,
    "funding_stage_Series C": 0.15369808129260198
  },
  "smd_after": {
    "founded": 0.08625571063010695,
    "team_size": -0.10317429360835398,
    "annual_rev": -0.1034531145388897,
    "rd_spend": -0.05733794492785383,
    "digital_sales": -0.09659206329515657,
    "customer_accts": 0.07913055557554104,
    "segment_InsurTech": -0.07650800167460715,
    "segment_Lending": 0.0,
    "segment_Payments": 0.0,
    "segment_RegTech": -0.08856709069770707,
    "segment_Treasury Tech": -0.35939764421413045,
    "segment_WealthTech": 0.08856709069770707,
    "cloud_stack_Cloud native": 0.0,
    "cloud_stack_Cloud-Forward": 0.06736075063414389,
    "cloud_stack_Cloud-Native": 0.0,
    "cloud_stack_Hybrid": 0.25627712754300747,
    "cloud_stack_Hybrid Stack": -0.18684193830591114,
    "cloud_stack_Legacy": 0.0,
    "cloud_stack_Legacy Core": 0.25,
    "compliance_tier_Tier 2": 0.14923174911033085,
    "compliance_tier_Tier 3": -0.12550710147368235,
    "compliance_tier_Tier 4": 0.0,
    "fraud_exposure_High": -0.14591507389988462,
    "fraud_exposure_Low": 0.18684193830591114,
    "fraud_exposure_Moderate": -0.06157584857069828,
    "funding_stage_Series A": 0.0,
    "funding_stage_Series B": 0.0,
    "funding_stage_Series C": 0.06413725992278901
  }
}