{
  "n_observations_before": 103,
  "n_matched": 86,
  "propensity_score_plot": "propensity_score_distribution.png",
  "baseline_ols": {
    "intercept": 8.725581395348835,
    "ai_adoption_coefficient": 3.817751937984493
  },
  "matched_ols": {
    "intercept": 8.72558139534884,
    "ai_adoption_coefficient": 4.718604651162787
  },
  "smd_before": {
    "founded": -0.08243441588003281,
    "team_size": 0.3823891064107593,
    "annual_rev": 0.35453550982703075,
    "rd_spend": 0.2588343650149026,
    "digital_sales": 0.4039197189822891,
    "customer_accts": 0.4148759592949162,
    "segment_InsurTech": -0.24506611797553213,
    "segment_Lending": -0.23516638555370972,
    "segment_Payments": 0.5781112505895272,
    "segment_RegTech": -0.10894844406395952,
    "segment_Treasury Tech": 0.25599386038928984,
    "segment_WealthTech": -0.1847343398518194,
    "cloud_stack_Cloud native": 0.21829414380644677,
    "cloud_stack_Cloud-Forward": 0.1336758761463794,
    "cloud_stack_Cloud-Native": 0.15999773519429827,
    "cloud_stack_Hybrid": -0.0825255855917967,
    "cloud_stack_Hybrid Stack": -0.48280049264882907,
    "cloud_stack_Legacy": 0.18257418583505536,
    "cloud_stack_Legacy Core": 0.06021170189579536,
    "compliance_tier_Tier 2": 0.01780796110887422,
    "compliance_tier_Tier 3": 0.024396390477818476,
    "compliance_tier_Tier 4": -0.03486382321158387,
    "fraud_exposure_High": 0.3933202521102407,
    "fraud_exposure_Low": -0.10894844406395952,
    "fraud_exposure_Moderate": -0.17676508973695698,
    "funding_stage_Series A": -0.26048599945204337,
    "funding_stage_Series B": -0.18192993943731603,
    "funding_stage_Series C": 0.15369808129260198
  },
  "smd_after": {
    "founded": -0.1380898303432849,
    "team_size": 0.5993995185525398,
    "annual_rev": 0.5802623002048146,
    "rd_spend": 0.46230290073571717,
    "digital_sales": 0.6487336046068333,
    "customer_accts": 0.6269800502618343,
    "segment_InsurTech": -0.12476235168971285,
    "segment_Lending": -0.050632331906034216,
    "segment_Payments": 0.8254015747878941,
    "segment_RegTech": -0.3670467763193343,
    "segment_Treasury Tech": -0.30869421068729935,
    "segment_WealthTech": -0.6163156344279367,
    "cloud_stack_Cloud native": 0.3251280443811776,
    "cloud_stack_Cloud-Forward": 0.1610318650964959,
    "cloud_stack_Cloud-Native": 0.12476235168971285,
    "cloud_stack_Hybrid": 0.0,
    "cloud_stack_Hybrid Stack": -0.49669248880411737,
    "cloud_stack_Legacy": 0.0,
    "cloud_stack_Legacy Core": 0.0,
    "compliance_tier_Tier 2": 0.1089738925286471,
    "compliance_tier_Tier 3": 0.09520982743084251,
    "compliance_tier_Tier 4": -0.2075852963645496,
    "fraud_exposure_High": 0.550867047846211,
    "fraud_exposure_Low": -0.1587649255200715,
    "fraud_exposure_Moderate": -0.5463054204408929,
    "funding_stage_Series A": -0.21962304248967213,
    "funding_stage_Series B": -0.4250067930420514,
    "funding_stage_Series C": 0.2849690664209012
  }
}